Scene No,Query,Image Index,Filename,Total Pixels,Pixels Above Threshold,Percentage Above
40753679,ball,0,Validation/40753679_ball_0_rendered.png,243960,0,0.0
40753679,ball,3,Validation/40753679_ball_3_rendered.png,243960,53,0.0217
40753679,ball,14,Validation/40753679_ball_14_rendered.png,243960,0,0.0
40753679,ball,21,Validation/40753679_ball_21_rendered.png,243960,105,0.043
40753679,ball,23,Validation/40753679_ball_23_rendered.png,243960,87,0.0357
40753679,ball,33,Validation/40753679_ball_33_rendered.png,243960,854,0.3501
40753679,ball,34,Validation/40753679_ball_34_rendered.png,243960,180,0.0738
40753679,ball,39,Validation/40753679_ball_39_rendered.png,243960,9388,3.8482
40753679,ball,42,Validation/40753679_ball_42_rendered.png,243960,0,0.0
40753679,ball,43,Validation/40753679_ball_43_rendered.png,243960,0,0.0
40753679,ball,49,Validation/40753679_ball_49_rendered.png,243960,0,0.0
40753679,ball,56,Validation/40753679_ball_56_rendered.png,243960,986,0.4042
40753679,ball,57,Validation/40753679_ball_57_rendered.png,243960,545,0.2234
40753679,ball,64,Validation/40753679_ball_64_rendered.png,243960,3293,1.3498
40753679,ball,69,Validation/40753679_ball_69_rendered.png,243960,91,0.0373
40753679,door,0,Validation/40753679_door_0_rendered.png,243960,0,0.0
40753679,door,1,Validation/40753679_door_1_rendered.png,243960,0,0.0
40753679,door,5,Validation/40753679_door_5_rendered.png,243960,0,0.0
40753679,door,10,Validation/40753679_door_10_rendered.png,243960,0,0.0
40753679,door,12,Validation/40753679_door_12_rendered.png,243960,96,0.0394
40753679,door,20,Validation/40753679_door_20_rendered.png,243960,0,0.0
40753679,door,26,Validation/40753679_door_26_rendered.png,243960,0,0.0
40753679,door,27,Validation/40753679_door_27_rendered.png,243960,0,0.0
40753679,door,30,Validation/40753679_door_30_rendered.png,243960,112,0.0459
40753679,door,31,Validation/40753679_door_31_rendered.png,243960,9348,3.8318
40753679,door,32,Validation/40753679_door_32_rendered.png,243960,3262,1.3371
40753679,door,37,Validation/40753679_door_37_rendered.png,243960,0,0.0
40753679,door,40,Validation/40753679_door_40_rendered.png,243960,0,0.0
40753679,door,50,Validation/40753679_door_50_rendered.png,243960,0,0.0
40753679,door,52,Validation/40753679_door_52_rendered.png,243960,0,0.0
40753679,door,55,Validation/40753679_door_55_rendered.png,243960,0,0.0
40753679,door,57,Validation/40753679_door_57_rendered.png,243960,0,0.0
40753679,door,63,Validation/40753679_door_63_rendered.png,243960,9742,3.9933
40753679,door,69,Validation/40753679_door_69_rendered.png,243960,0,0.0
40753679,door,73,Validation/40753679_door_73_rendered.png,243960,0,0.0
40753679,door,77,Validation/40753679_door_77_rendered.png,243960,0,0.0
40753679,door,78,Validation/40753679_door_78_rendered.png,243960,0,0.0
40753679,floor,10,Validation/40753679_floor_10_rendered.png,243960,0,0.0
40753679,floor,11,Validation/40753679_floor_11_rendered.png,243960,0,0.0
40753679,floor,16,Validation/40753679_floor_16_rendered.png,243960,0,0.0
40753679,floor,18,Validation/40753679_floor_18_rendered.png,243960,31769,13.0222
40753679,floor,25,Validation/40753679_floor_25_rendered.png,243960,584,0.2394
40753679,floor,41,Validation/40753679_floor_41_rendered.png,243960,0,0.0
40753679,floor,45,Validation/40753679_floor_45_rendered.png,243960,85516,35.0533
40753679,floor,46,Validation/40753679_floor_46_rendered.png,243960,82689,33.8945
40753679,floor,47,Validation/40753679_floor_47_rendered.png,243960,56732,23.2546
40753679,floor,54,Validation/40753679_floor_54_rendered.png,243960,0,0.0
40753679,floor,57,Validation/40753679_floor_57_rendered.png,243960,0,0.0
40753679,floor,58,Validation/40753679_floor_58_rendered.png,243960,0,0.0
40753679,floor,62,Validation/40753679_floor_62_rendered.png,243960,0,0.0
40753679,floor,65,Validation/40753679_floor_65_rendered.png,243960,0,0.0
40753679,floor,67,Validation/40753679_floor_67_rendered.png,243960,0,0.0
40753679,floor,70,Validation/40753679_floor_70_rendered.png,243960,45,0.0184
40753679,floor,73,Validation/40753679_floor_73_rendered.png,243960,43,0.0176
40753679,floor,75,Validation/40753679_floor_75_rendered.png,243960,74,0.0303
40753679,floor,76,Validation/40753679_floor_76_rendered.png,243960,4089,1.6761
40753679,painting,2,Validation/40753679_painting_2_rendered.png,243960,0,0.0
40753679,painting,3,Validation/40753679_painting_3_rendered.png,243960,0,0.0
40753679,painting,6,Validation/40753679_painting_6_rendered.png,243960,10713,4.3913
40753679,painting,9,Validation/40753679_painting_9_rendered.png,243960,0,0.0
40753679,painting,12,Validation/40753679_painting_12_rendered.png,243960,0,0.0
40753679,painting,16,Validation/40753679_painting_16_rendered.png,243960,0,0.0
40753679,painting,24,Validation/40753679_painting_24_rendered.png,243960,0,0.0
40753679,painting,28,Validation/40753679_painting_28_rendered.png,243960,0,0.0
40753679,painting,38,Validation/40753679_painting_38_rendered.png,243960,269,0.1103
40753679,painting,44,Validation/40753679_painting_44_rendered.png,243960,0,0.0
40753679,painting,69,Validation/40753679_painting_69_rendered.png,243960,0,0.0
40753679,painting,73,Validation/40753679_painting_73_rendered.png,243960,0,0.0
40753679,painting,77,Validation/40753679_painting_77_rendered.png,243960,0,0.0
40753679,sofa,1,Validation/40753679_sofa_1_rendered.png,243960,48,0.0197
40753679,sofa,9,Validation/40753679_sofa_9_rendered.png,243960,0,0.0
40753679,sofa,17,Validation/40753679_sofa_17_rendered.png,243960,303,0.1242
40753679,sofa,26,Validation/40753679_sofa_26_rendered.png,243960,1942,0.796
40753679,sofa,49,Validation/40753679_sofa_49_rendered.png,243960,0,0.0
40753679,sofa,59,Validation/40753679_sofa_59_rendered.png,243960,0,0.0
40753679,sofa,65,Validation/40753679_sofa_65_rendered.png,243960,0,0.0
40753679,sofa,74,Validation/40753679_sofa_74_rendered.png,243960,63,0.0258
40753679,table,1,Validation/40753679_table_1_rendered.png,243960,265,0.1086
40753679,table,2,Validation/40753679_table_2_rendered.png,243960,577,0.2365
40753679,table,9,Validation/40753679_table_9_rendered.png,243960,0,0.0
40753679,table,10,Validation/40753679_table_10_rendered.png,243960,0,0.0
40753679,table,13,Validation/40753679_table_13_rendered.png,243960,0,0.0
40753679,table,23,Validation/40753679_table_23_rendered.png,243960,630,0.2582
40753679,table,27,Validation/40753679_table_27_rendered.png,243960,663,0.2718
40753679,table,29,Validation/40753679_table_29_rendered.png,243960,544,0.223
40753679,table,36,Validation/40753679_table_36_rendered.png,243960,0,0.0
40753679,table,42,Validation/40753679_table_42_rendered.png,243960,0,0.0
40753679,table,43,Validation/40753679_table_43_rendered.png,243960,0,0.0
40753679,table,45,Validation/40753679_table_45_rendered.png,243960,0,0.0
40753679,table,49,Validation/40753679_table_49_rendered.png,243960,0,0.0
40753679,table,50,Validation/40753679_table_50_rendered.png,243960,0,0.0
40753679,table,51,Validation/40753679_table_51_rendered.png,243960,0,0.0
40753679,table,56,Validation/40753679_table_56_rendered.png,243960,0,0.0
40753679,table,63,Validation/40753679_table_63_rendered.png,243960,0,0.0
40753679,table,76,Validation/40753679_table_76_rendered.png,243960,1335,0.5472
40753679,wall,3,Validation/40753679_wall_3_rendered.png,243960,0,0.0
40753679,wall,4,Validation/40753679_wall_4_rendered.png,243960,0,0.0
40753679,wall,9,Validation/40753679_wall_9_rendered.png,243960,1380,0.5657
40753679,wall,11,Validation/40753679_wall_11_rendered.png,243960,0,0.0
40753679,wall,18,Validation/40753679_wall_18_rendered.png,243960,0,0.0
40753679,wall,19,Validation/40753679_wall_19_rendered.png,243960,0,0.0
40753679,wall,21,Validation/40753679_wall_21_rendered.png,243960,0,0.0
40753679,wall,24,Validation/40753679_wall_24_rendered.png,243960,0,0.0
40753679,wall,28,Validation/40753679_wall_28_rendered.png,243960,0,0.0
40753679,wall,38,Validation/40753679_wall_38_rendered.png,243960,6364,2.6086
40753679,wall,49,Validation/40753679_wall_49_rendered.png,243960,0,0.0
40753679,wall,52,Validation/40753679_wall_52_rendered.png,243960,9745,3.9945
40753679,wall,55,Validation/40753679_wall_55_rendered.png,243960,3017,1.2367
40753679,wall,56,Validation/40753679_wall_56_rendered.png,243960,3130,1.283
40753679,wall,60,Validation/40753679_wall_60_rendered.png,243960,0,0.0
40753679,wall,62,Validation/40753679_wall_62_rendered.png,243960,35,0.0143
40753679,wall,63,Validation/40753679_wall_63_rendered.png,243960,0,0.0
40753679,wall,67,Validation/40753679_wall_67_rendered.png,243960,2299,0.9424
40753679,wall,70,Validation/40753679_wall_70_rendered.png,243960,0,0.0
40753679,wall,77,Validation/40753679_wall_77_rendered.png,243960,0,0.0
40753679,window,9,Validation/40753679_window_9_rendered.png,243960,0,0.0
40753679,window,10,Validation/40753679_window_10_rendered.png,243960,6,0.0025
40753679,window,17,Validation/40753679_window_17_rendered.png,243960,331,0.1357
40753679,window,20,Validation/40753679_window_20_rendered.png,243960,1052,0.4312
40753679,window,23,Validation/40753679_window_23_rendered.png,243960,0,0.0
40753679,window,25,Validation/40753679_window_25_rendered.png,243960,0,0.0
40753679,window,31,Validation/40753679_window_31_rendered.png,243960,968,0.3968
40753679,window,34,Validation/40753679_window_34_rendered.png,243960,1415,0.58
40753679,window,40,Validation/40753679_window_40_rendered.png,243960,0,0.0
40753679,window,51,Validation/40753679_window_51_rendered.png,243960,0,0.0
40753679,window,59,Validation/40753679_window_59_rendered.png,243960,0,0.0
40753679,window,67,Validation/40753679_window_67_rendered.png,243960,1169,0.4792
40753679,window,69,Validation/40753679_window_69_rendered.png,243960,2530,1.0371
40753679,window,70,Validation/40753679_window_70_rendered.png,243960,1126,0.4616
40753679,window,71,Validation/40753679_window_71_rendered.png,243960,292,0.1197
47333462,ball,0,Validation/47333462_ball_0_rendered.png,243960,0,0.0
47333462,ball,4,Validation/47333462_ball_4_rendered.png,243960,0,0.0
47333462,ball,8,Validation/47333462_ball_8_rendered.png,243960,0,0.0
47333462,ball,10,Validation/47333462_ball_10_rendered.png,243960,0,0.0
47333462,ball,12,Validation/47333462_ball_12_rendered.png,243960,0,0.0
47333462,ball,13,Validation/47333462_ball_13_rendered.png,243960,0,0.0
47333462,ball,14,Validation/47333462_ball_14_rendered.png,243960,0,0.0
47333462,ball,16,Validation/47333462_ball_16_rendered.png,243960,0,0.0
47333462,ball,18,Validation/47333462_ball_18_rendered.png,243960,0,0.0
47333462,ball,19,Validation/47333462_ball_19_rendered.png,243960,0,0.0
47333462,ball,22,Validation/47333462_ball_22_rendered.png,243960,0,0.0
47333462,ball,27,Validation/47333462_ball_27_rendered.png,243960,0,0.0
47333462,ball,34,Validation/47333462_ball_34_rendered.png,243960,0,0.0
47333462,ball,40,Validation/47333462_ball_40_rendered.png,243960,0,0.0
47333462,ball,45,Validation/47333462_ball_45_rendered.png,243960,0,0.0
47333462,ball,51,Validation/47333462_ball_51_rendered.png,243960,0,0.0
47333462,ball,64,Validation/47333462_ball_64_rendered.png,243960,0,0.0
47333462,ball,70,Validation/47333462_ball_70_rendered.png,243960,0,0.0
47333462,ball,77,Validation/47333462_ball_77_rendered.png,243960,0,0.0
47333462,ball,81,Validation/47333462_ball_81_rendered.png,243960,11190,4.5868
47333462,ball,82,Validation/47333462_ball_82_rendered.png,243960,3531,1.4474
47333462,door,1,Validation/47333462_door_1_rendered.png,243960,0,0.0
47333462,door,6,Validation/47333462_door_6_rendered.png,243960,0,0.0
47333462,door,7,Validation/47333462_door_7_rendered.png,243960,0,0.0
47333462,door,9,Validation/47333462_door_9_rendered.png,243960,0,0.0
47333462,door,16,Validation/47333462_door_16_rendered.png,243960,0,0.0
47333462,door,22,Validation/47333462_door_22_rendered.png,243960,0,0.0
47333462,door,37,Validation/47333462_door_37_rendered.png,243960,0,0.0
47333462,door,38,Validation/47333462_door_38_rendered.png,243960,0,0.0
47333462,door,49,Validation/47333462_door_49_rendered.png,243960,0,0.0
47333462,door,51,Validation/47333462_door_51_rendered.png,243960,0,0.0
47333462,door,53,Validation/47333462_door_53_rendered.png,243960,0,0.0
47333462,door,55,Validation/47333462_door_55_rendered.png,243960,0,0.0
47333462,door,59,Validation/47333462_door_59_rendered.png,243960,0,0.0
47333462,door,66,Validation/47333462_door_66_rendered.png,243960,0,0.0
47333462,door,70,Validation/47333462_door_70_rendered.png,243960,0,0.0
47333462,floor,20,Validation/47333462_floor_20_rendered.png,243960,0,0.0
47333462,floor,24,Validation/47333462_floor_24_rendered.png,243960,10716,4.3925
47333462,floor,27,Validation/47333462_floor_27_rendered.png,243960,14644,6.0026
47333462,floor,31,Validation/47333462_floor_31_rendered.png,243960,0,0.0
47333462,floor,32,Validation/47333462_floor_32_rendered.png,243960,0,0.0
47333462,floor,34,Validation/47333462_floor_34_rendered.png,243960,0,0.0
47333462,floor,37,Validation/47333462_floor_37_rendered.png,243960,0,0.0
47333462,floor,45,Validation/47333462_floor_45_rendered.png,243960,0,0.0
47333462,floor,48,Validation/47333462_floor_48_rendered.png,243960,0,0.0
47333462,floor,52,Validation/47333462_floor_52_rendered.png,243960,1436,0.5886
47333462,floor,54,Validation/47333462_floor_54_rendered.png,243960,0,0.0
47333462,floor,62,Validation/47333462_floor_62_rendered.png,243960,479,0.1963
47333462,floor,69,Validation/47333462_floor_69_rendered.png,243960,0,0.0
47333462,floor,73,Validation/47333462_floor_73_rendered.png,243960,0,0.0
47333462,floor,83,Validation/47333462_floor_83_rendered.png,243960,0,0.0
47333462,floor,84,Validation/47333462_floor_84_rendered.png,243960,0,0.0
47333462,floor,85,Validation/47333462_floor_85_rendered.png,243960,0,0.0
47333462,painting,16,Validation/47333462_painting_16_rendered.png,243960,0,0.0
47333462,painting,22,Validation/47333462_painting_22_rendered.png,243960,0,0.0
47333462,painting,23,Validation/47333462_painting_23_rendered.png,243960,0,0.0
47333462,painting,25,Validation/47333462_painting_25_rendered.png,243960,0,0.0
47333462,painting,29,Validation/47333462_painting_29_rendered.png,243960,0,0.0
47333462,painting,41,Validation/47333462_painting_41_rendered.png,243960,0,0.0
47333462,painting,45,Validation/47333462_painting_45_rendered.png,243960,1257,0.5152
47333462,painting,46,Validation/47333462_painting_46_rendered.png,243960,1517,0.6218
47333462,painting,57,Validation/47333462_painting_57_rendered.png,243960,2713,1.1121
47333462,painting,61,Validation/47333462_painting_61_rendered.png,243960,0,0.0
47333462,painting,67,Validation/47333462_painting_67_rendered.png,243960,0,0.0
47333462,painting,77,Validation/47333462_painting_77_rendered.png,243960,0,0.0
47333462,painting,78,Validation/47333462_painting_78_rendered.png,243960,0,0.0
47333462,painting,81,Validation/47333462_painting_81_rendered.png,243960,719,0.2947
47333462,painting,84,Validation/47333462_painting_84_rendered.png,243960,0,0.0
47333462,sofa,2,Validation/47333462_sofa_2_rendered.png,243960,0,0.0
47333462,sofa,11,Validation/47333462_sofa_11_rendered.png,243960,0,0.0
47333462,sofa,14,Validation/47333462_sofa_14_rendered.png,243960,0,0.0
47333462,sofa,15,Validation/47333462_sofa_15_rendered.png,243960,564,0.2312
47333462,sofa,16,Validation/47333462_sofa_16_rendered.png,243960,3403,1.3949
47333462,sofa,21,Validation/47333462_sofa_21_rendered.png,243960,2841,1.1645
47333462,sofa,23,Validation/47333462_sofa_23_rendered.png,243960,5652,2.3168
47333462,sofa,25,Validation/47333462_sofa_25_rendered.png,243960,4775,1.9573
47333462,sofa,27,Validation/47333462_sofa_27_rendered.png,243960,5097,2.0893
47333462,sofa,28,Validation/47333462_sofa_28_rendered.png,243960,5077,2.0811
47333462,sofa,31,Validation/47333462_sofa_31_rendered.png,243960,6160,2.525
47333462,sofa,39,Validation/47333462_sofa_39_rendered.png,243960,1371,0.562
47333462,sofa,42,Validation/47333462_sofa_42_rendered.png,243960,0,0.0
47333462,sofa,44,Validation/47333462_sofa_44_rendered.png,243960,0,0.0
47333462,sofa,55,Validation/47333462_sofa_55_rendered.png,243960,85,0.0348
47333462,sofa,63,Validation/47333462_sofa_63_rendered.png,243960,2263,0.9276
47333462,sofa,65,Validation/47333462_sofa_65_rendered.png,243960,2558,1.0485
47333462,sofa,71,Validation/47333462_sofa_71_rendered.png,243960,0,0.0
47333462,sofa,81,Validation/47333462_sofa_81_rendered.png,243960,0,0.0
47333462,table,12,Validation/47333462_table_12_rendered.png,243960,0,0.0
47333462,table,13,Validation/47333462_table_13_rendered.png,243960,0,0.0
47333462,table,16,Validation/47333462_table_16_rendered.png,243960,0,0.0
47333462,table,21,Validation/47333462_table_21_rendered.png,243960,0,0.0
47333462,table,22,Validation/47333462_table_22_rendered.png,243960,0,0.0
47333462,table,23,Validation/47333462_table_23_rendered.png,243960,0,0.0
47333462,table,28,Validation/47333462_table_28_rendered.png,243960,0,0.0
47333462,table,34,Validation/47333462_table_34_rendered.png,243960,0,0.0
47333462,table,36,Validation/47333462_table_36_rendered.png,243960,0,0.0
47333462,table,39,Validation/47333462_table_39_rendered.png,243960,0,0.0
47333462,table,47,Validation/47333462_table_47_rendered.png,243960,0,0.0
47333462,table,49,Validation/47333462_table_49_rendered.png,243960,18,0.0074
47333462,table,53,Validation/47333462_table_53_rendered.png,243960,98,0.0402
47333462,table,57,Validation/47333462_table_57_rendered.png,243960,0,0.0
47333462,table,77,Validation/47333462_table_77_rendered.png,243960,0,0.0
47333462,table,82,Validation/47333462_table_82_rendered.png,243960,0,0.0
47333462,wall,2,Validation/47333462_wall_2_rendered.png,243960,0,0.0
47333462,wall,4,Validation/47333462_wall_4_rendered.png,243960,0,0.0
47333462,wall,5,Validation/47333462_wall_5_rendered.png,243960,0,0.0
47333462,wall,23,Validation/47333462_wall_23_rendered.png,243960,0,0.0
47333462,wall,25,Validation/47333462_wall_25_rendered.png,243960,0,0.0
47333462,wall,28,Validation/47333462_wall_28_rendered.png,243960,0,0.0
47333462,wall,31,Validation/47333462_wall_31_rendered.png,243960,0,0.0
47333462,wall,38,Validation/47333462_wall_38_rendered.png,243960,608,0.2492
47333462,wall,42,Validation/47333462_wall_42_rendered.png,243960,0,0.0
47333462,wall,49,Validation/47333462_wall_49_rendered.png,243960,0,0.0
47333462,wall,52,Validation/47333462_wall_52_rendered.png,243960,0,0.0
47333462,wall,60,Validation/47333462_wall_60_rendered.png,243960,0,0.0
47333462,wall,66,Validation/47333462_wall_66_rendered.png,243960,0,0.0
47333462,wall,75,Validation/47333462_wall_75_rendered.png,243960,0,0.0
47333462,wall,78,Validation/47333462_wall_78_rendered.png,243960,0,0.0
47333462,window,0,Validation/47333462_window_0_rendered.png,243960,0,0.0
47333462,window,1,Validation/47333462_window_1_rendered.png,243960,0,0.0
47333462,window,4,Validation/47333462_window_4_rendered.png,243960,0,0.0
47333462,window,5,Validation/47333462_window_5_rendered.png,243960,0,0.0
47333462,window,13,Validation/47333462_window_13_rendered.png,243960,0,0.0
47333462,window,24,Validation/47333462_window_24_rendered.png,243960,0,0.0
47333462,window,25,Validation/47333462_window_25_rendered.png,243960,0,0.0
47333462,window,27,Validation/47333462_window_27_rendered.png,243960,0,0.0
47333462,window,37,Validation/47333462_window_37_rendered.png,243960,16095,6.5974
47333462,window,42,Validation/47333462_window_42_rendered.png,243960,0,0.0
47333462,window,46,Validation/47333462_window_46_rendered.png,243960,7008,2.8726
47333462,window,53,Validation/47333462_window_53_rendered.png,243960,0,0.0
47333462,window,61,Validation/47333462_window_61_rendered.png,243960,0,0.0
47333462,window,63,Validation/47333462_window_63_rendered.png,243960,0,0.0
47333462,window,66,Validation/47333462_window_66_rendered.png,243960,0,0.0
47333462,window,69,Validation/47333462_window_69_rendered.png,243960,0,0.0
47333462,window,81,Validation/47333462_window_81_rendered.png,243960,0,0.0
47333462,window,84,Validation/47333462_window_84_rendered.png,243960,0,0.0
47333473,ball,0,Validation/47333473_ball_0_rendered.png,243960,0,0.0
47333473,ball,5,Validation/47333473_ball_5_rendered.png,243960,0,0.0
47333473,ball,25,Validation/47333473_ball_25_rendered.png,243960,0,0.0
47333473,ball,27,Validation/47333473_ball_27_rendered.png,243960,0,0.0
47333473,ball,28,Validation/47333473_ball_28_rendered.png,243960,0,0.0
47333473,ball,34,Validation/47333473_ball_34_rendered.png,243960,0,0.0
47333473,ball,35,Validation/47333473_ball_35_rendered.png,243960,0,0.0
47333473,ball,36,Validation/47333473_ball_36_rendered.png,243960,0,0.0
47333473,ball,41,Validation/47333473_ball_41_rendered.png,243960,3291,1.349
47333473,ball,45,Validation/47333473_ball_45_rendered.png,243960,0,0.0
47333473,ball,49,Validation/47333473_ball_49_rendered.png,243960,0,0.0
47333473,ball,55,Validation/47333473_ball_55_rendered.png,243960,0,0.0
47333473,ball,60,Validation/47333473_ball_60_rendered.png,243960,0,0.0
47333473,ball,61,Validation/47333473_ball_61_rendered.png,243960,0,0.0
47333473,ball,68,Validation/47333473_ball_68_rendered.png,243960,0,0.0
47333473,door,9,Validation/47333473_door_9_rendered.png,243960,0,0.0
47333473,door,15,Validation/47333473_door_15_rendered.png,243960,0,0.0
47333473,door,20,Validation/47333473_door_20_rendered.png,243960,0,0.0
47333473,door,24,Validation/47333473_door_24_rendered.png,243960,0,0.0
47333473,door,25,Validation/47333473_door_25_rendered.png,243960,0,0.0
47333473,door,31,Validation/47333473_door_31_rendered.png,243960,0,0.0
47333473,door,33,Validation/47333473_door_33_rendered.png,243960,0,0.0
47333473,door,34,Validation/47333473_door_34_rendered.png,243960,0,0.0
47333473,door,35,Validation/47333473_door_35_rendered.png,243960,0,0.0
47333473,door,46,Validation/47333473_door_46_rendered.png,243960,0,0.0
47333473,door,51,Validation/47333473_door_51_rendered.png,243960,0,0.0
47333473,door,59,Validation/47333473_door_59_rendered.png,243960,0,0.0
47333473,door,69,Validation/47333473_door_69_rendered.png,243960,13665,5.6013
47333473,floor,3,Validation/47333473_floor_3_rendered.png,243960,0,0.0
47333473,floor,6,Validation/47333473_floor_6_rendered.png,243960,0,0.0
47333473,floor,19,Validation/47333473_floor_19_rendered.png,243960,454,0.1861
47333473,floor,25,Validation/47333473_floor_25_rendered.png,243960,0,0.0
47333473,floor,26,Validation/47333473_floor_26_rendered.png,243960,0,0.0
47333473,floor,30,Validation/47333473_floor_30_rendered.png,243960,19228,7.8816
47333473,floor,32,Validation/47333473_floor_32_rendered.png,243960,0,0.0
47333473,floor,35,Validation/47333473_floor_35_rendered.png,243960,0,0.0
47333473,floor,41,Validation/47333473_floor_41_rendered.png,243960,44051,18.0566
47333473,floor,45,Validation/47333473_floor_45_rendered.png,243960,0,0.0
47333473,floor,48,Validation/47333473_floor_48_rendered.png,243960,0,0.0
47333473,floor,53,Validation/47333473_floor_53_rendered.png,243960,0,0.0
47333473,floor,58,Validation/47333473_floor_58_rendered.png,243960,0,0.0
47333473,floor,59,Validation/47333473_floor_59_rendered.png,243960,0,0.0
47333473,floor,69,Validation/47333473_floor_69_rendered.png,243960,0,0.0
47333473,floor,75,Validation/47333473_floor_75_rendered.png,243960,0,0.0
47333473,floor,77,Validation/47333473_floor_77_rendered.png,243960,0,0.0
47333473,painting,0,Validation/47333473_painting_0_rendered.png,243960,0,0.0
47333473,painting,7,Validation/47333473_painting_7_rendered.png,243960,0,0.0
47333473,painting,16,Validation/47333473_painting_16_rendered.png,243960,0,0.0
47333473,painting,23,Validation/47333473_painting_23_rendered.png,243960,57200,23.4465
47333473,painting,26,Validation/47333473_painting_26_rendered.png,243960,76086,31.1879
47333473,painting,38,Validation/47333473_painting_38_rendered.png,243960,186,0.0762
47333473,painting,41,Validation/47333473_painting_41_rendered.png,243960,191,0.0783
47333473,painting,56,Validation/47333473_painting_56_rendered.png,243960,0,0.0
47333473,painting,65,Validation/47333473_painting_65_rendered.png,243960,0,0.0
47333473,painting,68,Validation/47333473_painting_68_rendered.png,243960,0,0.0
47333473,painting,77,Validation/47333473_painting_77_rendered.png,243960,0,0.0
47333473,sofa,12,Validation/47333473_sofa_12_rendered.png,243960,0,0.0
47333473,sofa,24,Validation/47333473_sofa_24_rendered.png,243960,0,0.0
47333473,sofa,26,Validation/47333473_sofa_26_rendered.png,243960,0,0.0
47333473,sofa,27,Validation/47333473_sofa_27_rendered.png,243960,0,0.0
47333473,sofa,32,Validation/47333473_sofa_32_rendered.png,243960,0,0.0
47333473,sofa,34,Validation/47333473_sofa_34_rendered.png,243960,0,0.0
47333473,sofa,35,Validation/47333473_sofa_35_rendered.png,243960,0,0.0
47333473,sofa,43,Validation/47333473_sofa_43_rendered.png,243960,0,0.0
47333473,sofa,46,Validation/47333473_sofa_46_rendered.png,243960,0,0.0
47333473,sofa,51,Validation/47333473_sofa_51_rendered.png,243960,0,0.0
47333473,sofa,55,Validation/47333473_sofa_55_rendered.png,243960,0,0.0
47333473,sofa,56,Validation/47333473_sofa_56_rendered.png,243960,0,0.0
47333473,sofa,60,Validation/47333473_sofa_60_rendered.png,243960,0,0.0
47333473,sofa,62,Validation/47333473_sofa_62_rendered.png,243960,0,0.0
47333473,sofa,68,Validation/47333473_sofa_68_rendered.png,243960,0,0.0
47333473,sofa,70,Validation/47333473_sofa_70_rendered.png,243960,0,0.0
47333473,sofa,73,Validation/47333473_sofa_73_rendered.png,243960,0,0.0
47333473,sofa,74,Validation/47333473_sofa_74_rendered.png,243960,0,0.0
47333473,sofa,75,Validation/47333473_sofa_75_rendered.png,243960,0,0.0
47333473,table,0,Validation/47333473_table_0_rendered.png,243960,0,0.0
47333473,table,1,Validation/47333473_table_1_rendered.png,243960,0,0.0
47333473,table,13,Validation/47333473_table_13_rendered.png,243960,0,0.0
47333473,table,15,Validation/47333473_table_15_rendered.png,243960,0,0.0
47333473,table,19,Validation/47333473_table_19_rendered.png,243960,5561,2.2795
47333473,table,23,Validation/47333473_table_23_rendered.png,243960,0,0.0
47333473,table,28,Validation/47333473_table_28_rendered.png,243960,0,0.0
47333473,table,41,Validation/47333473_table_41_rendered.png,243960,0,0.0
47333473,table,48,Validation/47333473_table_48_rendered.png,243960,0,0.0
47333473,table,49,Validation/47333473_table_49_rendered.png,243960,0,0.0
47333473,table,50,Validation/47333473_table_50_rendered.png,243960,0,0.0
47333473,table,52,Validation/47333473_table_52_rendered.png,243960,0,0.0
47333473,table,54,Validation/47333473_table_54_rendered.png,243960,0,0.0
47333473,table,59,Validation/47333473_table_59_rendered.png,243960,0,0.0
47333473,table,63,Validation/47333473_table_63_rendered.png,243960,0,0.0
47333473,table,64,Validation/47333473_table_64_rendered.png,243960,0,0.0
47333473,table,68,Validation/47333473_table_68_rendered.png,243960,0,0.0
47333473,table,69,Validation/47333473_table_69_rendered.png,243960,0,0.0
47333473,table,71,Validation/47333473_table_71_rendered.png,243960,171,0.0701
47333473,table,74,Validation/47333473_table_74_rendered.png,243960,2920,1.1969
47333473,wall,3,Validation/47333473_wall_3_rendered.png,243960,0,0.0
47333473,wall,6,Validation/47333473_wall_6_rendered.png,243960,0,0.0
47333473,wall,13,Validation/47333473_wall_13_rendered.png,243960,0,0.0
47333473,wall,21,Validation/47333473_wall_21_rendered.png,243960,4532,1.8577
47333473,wall,33,Validation/47333473_wall_33_rendered.png,243960,0,0.0
47333473,wall,36,Validation/47333473_wall_36_rendered.png,243960,0,0.0
47333473,wall,38,Validation/47333473_wall_38_rendered.png,243960,0,0.0
47333473,wall,39,Validation/47333473_wall_39_rendered.png,243960,0,0.0
47333473,wall,40,Validation/47333473_wall_40_rendered.png,243960,0,0.0
47333473,wall,43,Validation/47333473_wall_43_rendered.png,243960,0,0.0
47333473,wall,48,Validation/47333473_wall_48_rendered.png,243960,92,0.0377
47333473,wall,52,Validation/47333473_wall_52_rendered.png,243960,3025,1.24
47333473,wall,55,Validation/47333473_wall_55_rendered.png,243960,1850,0.7583
47333473,wall,57,Validation/47333473_wall_57_rendered.png,243960,554,0.2271
47333473,wall,59,Validation/47333473_wall_59_rendered.png,243960,0,0.0
47333473,wall,60,Validation/47333473_wall_60_rendered.png,243960,0,0.0
47333473,wall,72,Validation/47333473_wall_72_rendered.png,243960,0,0.0
47333473,wall,74,Validation/47333473_wall_74_rendered.png,243960,0,0.0
47333473,window,2,Validation/47333473_window_2_rendered.png,243960,0,0.0
47333473,window,5,Validation/47333473_window_5_rendered.png,243960,0,0.0
47333473,window,15,Validation/47333473_window_15_rendered.png,243960,0,0.0
47333473,window,22,Validation/47333473_window_22_rendered.png,243960,0,0.0
47333473,window,25,Validation/47333473_window_25_rendered.png,243960,0,0.0
47333473,window,30,Validation/47333473_window_30_rendered.png,243960,0,0.0
47333473,window,39,Validation/47333473_window_39_rendered.png,243960,0,0.0
47333473,window,45,Validation/47333473_window_45_rendered.png,243960,8637,3.5403
47333473,window,54,Validation/47333473_window_54_rendered.png,243960,7248,2.971
47333473,window,57,Validation/47333473_window_57_rendered.png,243960,1218,0.4993
47333473,window,63,Validation/47333473_window_63_rendered.png,243960,0,0.0
47333473,window,65,Validation/47333473_window_65_rendered.png,243960,0,0.0
