Scene No,Query,Image Index,Object Present,Confidence
40753679,ball,0,no,0.9971510767936707
40753679,ball,3,no,0.5680360794067383
40753679,ball,14,no,0.969420313835144
40753679,ball,21,no,0.951910674571991
40753679,ball,23,no,0.8582983613014221
40753679,ball,33,yes,0.5305670499801636
40753679,ball,34,no,0.7304330468177795
40753679,ball,39,no,0.6863098740577698
40753679,ball,42,no,0.8081769943237305
40753679,ball,43,no,0.8001705408096313
40753679,ball,49,no,0.8964470624923706
40753679,ball,56,no,0.761339008808136
40753679,ball,57,yes,0.675973117351532
40753679,ball,64,yes,0.8710819482803345
40753679,ball,69,no,0.9482161998748779
40753679,door,0,no,0.5142760872840881
40753679,door,1,yes,0.5452475547790527
40753679,door,5,no,0.8164371848106384
40753679,door,10,no,0.8601664304733276
40753679,door,12,yes,0.9488778710365295
40753679,door,20,no,0.6562857627868652
40753679,door,26,no,0.801854133605957
40753679,door,27,no,0.7082400918006897
40753679,door,30,yes,0.7566299438476562
40753679,door,31,yes,0.9744437336921692
40753679,door,32,yes,0.9493927955627441
40753679,door,37,no,0.8696683645248413
40753679,door,40,no,0.9006561636924744
40753679,door,50,no,0.949083149433136
40753679,door,52,no,0.7056183218955994
40753679,door,55,no,0.9355993270874023
40753679,door,57,no,0.8510666489601135
40753679,door,63,yes,0.9985226988792419
40753679,door,69,no,0.5062919855117798
40753679,door,73,no,0.5573940277099609
40753679,door,77,no,0.8561325669288635
40753679,door,78,no,0.675104558467865
40753679,floor,10,no,0.8414239287376404
40753679,floor,11,no,0.7651130557060242
40753679,floor,16,yes,0.9999723434448242
40753679,floor,18,yes,0.9999163150787354
40753679,floor,25,yes,0.9865942001342773
40753679,floor,41,no,0.8599412441253662
40753679,floor,45,yes,0.9999967813491821
40753679,floor,46,yes,0.9981960654258728
40753679,floor,47,yes,0.9978938698768616
40753679,floor,54,no,0.9786677956581116
40753679,floor,57,no,0.976125955581665
40753679,floor,58,no,0.9427110552787781
40753679,floor,62,yes,0.9851793646812439
40753679,floor,65,no,0.8784576058387756
40753679,floor,67,no,0.8900779485702515
40753679,floor,70,yes,0.9998763799667358
40753679,floor,73,yes,0.9999909400939941
40753679,floor,75,yes,0.9972580671310425
40753679,floor,76,yes,0.9993717074394226
40753679,painting,2,no,0.6661480665206909
40753679,painting,3,no,0.865854799747467
40753679,painting,6,no,0.5790823698043823
40753679,painting,9,no,0.9085034132003784
40753679,painting,12,no,0.5904399156570435
40753679,painting,16,yes,0.5318607687950134
40753679,painting,24,no,0.5987896919250488
40753679,painting,28,no,0.7428680062294006
40753679,painting,38,no,0.9369277358055115
40753679,painting,44,no,0.9204791188240051
40753679,painting,69,no,0.9104330539703369
40753679,painting,73,no,0.8015315532684326
40753679,painting,77,no,0.9188022017478943
40753679,sofa,1,no,0.9246280193328857
40753679,sofa,9,no,0.7729870080947876
40753679,sofa,17,yes,0.798316240310669
40753679,sofa,26,no,0.955782413482666
40753679,sofa,49,no,0.819083034992218
40753679,sofa,59,no,0.857132613658905
40753679,sofa,65,no,0.7171882390975952
40753679,sofa,74,no,0.5105825662612915
40753679,table,1,yes,0.9999865293502808
40753679,table,2,yes,0.9998229146003723
40753679,table,9,no,0.9365198612213135
40753679,table,10,no,0.9110492467880249
40753679,table,13,no,0.9570284485816956
40753679,table,23,yes,0.9960721731185913
40753679,table,27,yes,0.9991577863693237
40753679,table,29,yes,0.9999945163726807
40753679,table,36,no,0.961111843585968
40753679,table,42,no,0.9486604928970337
40753679,table,43,no,0.9296889901161194
40753679,table,45,no,0.8871080279350281
40753679,table,49,no,0.9564443230628967
40753679,table,50,no,0.9597955346107483
40753679,table,51,no,0.9557160139083862
40753679,table,56,no,0.9577817320823669
40753679,table,63,no,0.7693439722061157
40753679,table,76,yes,0.9998612403869629
40753679,wall,3,yes,0.9640331864356995
40753679,wall,4,yes,0.900348961353302
40753679,wall,9,yes,0.988609790802002
40753679,wall,11,no,0.7830468416213989
40753679,wall,18,yes,0.9311029314994812
40753679,wall,19,yes,0.8872308731079102
40753679,wall,21,yes,0.9334266185760498
40753679,wall,24,yes,0.5577735304832458
40753679,wall,28,yes,0.9683666825294495
40753679,wall,38,yes,0.7093104720115662
40753679,wall,49,no,0.7944853901863098
40753679,wall,52,yes,0.704313337802887
40753679,wall,55,yes,0.873734712600708
40753679,wall,56,no,0.7696632742881775
40753679,wall,60,yes,0.7853794693946838
40753679,wall,62,yes,0.9719080924987793
40753679,wall,63,yes,0.9915233850479126
40753679,wall,67,yes,0.5450767874717712
40753679,wall,70,yes,0.9861460328102112
40753679,wall,77,no,0.7045580148696899
40753679,window,9,yes,0.6440433263778687
40753679,window,10,no,0.6695953011512756
40753679,window,17,yes,0.9827725291252136
40753679,window,20,yes,0.9633130431175232
40753679,window,23,no,0.6009326577186584
40753679,window,25,no,0.7439070343971252
40753679,window,31,yes,0.9898027777671814
40753679,window,34,yes,0.994264543056488
40753679,window,40,no,0.7459894418716431
40753679,window,51,no,0.7699543237686157
40753679,window,59,no,0.6896920204162598
40753679,window,67,yes,0.953871488571167
40753679,window,69,yes,0.6156159043312073
40753679,window,70,yes,0.5534909963607788
40753679,window,71,no,0.9113297462463379
47333462,ball,0,no,0.9507037997245789
47333462,ball,4,no,0.9497193694114685
47333462,ball,8,no,0.9476231336593628
47333462,ball,10,no,0.8231924772262573
47333462,ball,12,no,0.8785450458526611
47333462,ball,13,no,0.8990480303764343
47333462,ball,14,no,0.8975913524627686
47333462,ball,16,no,0.8919926285743713
47333462,ball,18,no,0.9026961326599121
47333462,ball,19,no,0.8010535836219788
47333462,ball,22,no,0.8235618472099304
47333462,ball,27,no,0.9059783816337585
47333462,ball,34,no,0.9091421365737915
47333462,ball,40,no,0.79646897315979
47333462,ball,45,no,0.895284116268158
47333462,ball,51,yes,0.8181214928627014
47333462,ball,64,no,0.9331321716308594
47333462,ball,70,yes,0.8157445788383484
47333462,ball,77,no,0.8500827550888062
47333462,ball,81,yes,0.9973451495170593
47333462,ball,82,no,0.5567915439605713
47333462,door,1,no,0.9578883051872253
47333462,door,6,no,0.9609267711639404
47333462,door,7,no,0.9713320136070251
47333462,door,9,yes,0.5284663438796997
47333462,door,16,yes,0.6409922242164612
47333462,door,22,no,0.7652813792228699
47333462,door,37,yes,0.7043696641921997
47333462,door,38,yes,0.9499342441558838
47333462,door,49,yes,0.6988807916641235
47333462,door,51,no,0.8000314831733704
47333462,door,53,no,0.7243666648864746
47333462,door,55,no,0.6990869641304016
47333462,door,59,no,0.9306029081344604
47333462,door,66,yes,0.7470518350601196
47333462,door,70,no,0.8396996855735779
47333462,floor,20,no,0.9326854944229126
47333462,floor,24,yes,0.9987589120864868
47333462,floor,27,yes,0.9995672106742859
47333462,floor,31,yes,0.6973891854286194
47333462,floor,32,no,0.5612730979919434
47333462,floor,34,no,0.9272315502166748
47333462,floor,37,no,0.8421247005462646
47333462,floor,45,no,0.7978529334068298
47333462,floor,48,no,0.8157994747161865
47333462,floor,52,yes,0.9802030324935913
47333462,floor,54,yes,0.9995179176330566
47333462,floor,62,yes,0.9516348838806152
47333462,floor,69,no,0.8950584530830383
47333462,floor,73,yes,0.6530535221099854
47333462,floor,83,yes,0.9837164878845215
47333462,floor,84,yes,0.7335197329521179
47333462,floor,85,yes,0.6302934885025024
47333462,painting,16,no,0.666480541229248
47333462,painting,22,no,0.577800989151001
47333462,painting,23,yes,0.6570597290992737
47333462,painting,25,yes,0.5265268087387085
47333462,painting,29,no,0.6573010683059692
47333462,painting,41,no,0.7835034728050232
47333462,painting,45,yes,0.9172638058662415
47333462,painting,46,yes,0.875961184501648
47333462,painting,57,yes,0.9987383484840393
47333462,painting,61,no,0.7581527233123779
47333462,painting,67,no,0.727559506893158
47333462,painting,77,yes,0.5956498980522156
47333462,painting,78,no,0.8127464652061462
47333462,painting,81,yes,0.7397159337997437
47333462,painting,84,yes,0.5486853122711182
47333462,sofa,2,no,0.9589554667472839
47333462,sofa,11,no,0.8301544189453125
47333462,sofa,14,no,0.8601778149604797
47333462,sofa,15,no,0.6625667810440063
47333462,sofa,16,yes,0.6590692400932312
47333462,sofa,21,no,0.7994579076766968
47333462,sofa,23,yes,0.9757983088493347
47333462,sofa,25,yes,0.9912638664245605
47333462,sofa,27,yes,0.8506592512130737
47333462,sofa,28,yes,0.736666738986969
47333462,sofa,31,yes,0.9094476699829102
47333462,sofa,39,yes,0.7939362525939941
47333462,sofa,42,no,0.6018705368041992
47333462,sofa,44,no,0.621877908706665
47333462,sofa,55,no,0.9183656573295593
47333462,sofa,63,no,0.7080075144767761
47333462,sofa,65,no,0.8685994744300842
47333462,sofa,71,no,0.900753378868103
47333462,sofa,81,no,0.6267024278640747
47333462,table,12,no,0.8976647257804871
47333462,table,13,no,0.894818902015686
47333462,table,16,no,0.7226303219795227
47333462,table,21,no,0.8555521965026855
47333462,table,22,no,0.8176113367080688
47333462,table,23,no,0.7975413799285889
47333462,table,28,no,0.6880438923835754
47333462,table,34,no,0.8293226957321167
47333462,table,36,no,0.8759990334510803
47333462,table,39,no,0.8221492767333984
47333462,table,47,no,0.8533326983451843
47333462,table,49,yes,0.9886577725410461
47333462,table,53,yes,0.9730567932128906
47333462,table,57,no,0.7744114995002747
47333462,table,77,yes,0.6098172068595886
47333462,table,82,no,0.9118608236312866
47333462,wall,2,no,0.9596498012542725
47333462,wall,4,no,0.960013210773468
47333462,wall,5,no,0.9593096971511841
47333462,wall,23,no,0.8522294759750366
47333462,wall,25,no,0.777806282043457
47333462,wall,28,no,0.5026607513427734
47333462,wall,31,yes,0.8594657182693481
47333462,wall,38,yes,0.77150559425354
47333462,wall,42,yes,0.6112018823623657
47333462,wall,49,no,0.707373857498169
47333462,wall,52,yes,0.6344228386878967
47333462,wall,60,yes,0.8976764678955078
47333462,wall,66,yes,0.9765005111694336
47333462,wall,75,yes,0.7679454684257507
47333462,wall,78,no,0.5742356181144714
47333462,window,0,no,0.9561163187026978
47333462,window,1,no,0.9564065933227539
47333462,window,4,no,0.9565449953079224
47333462,window,5,no,0.9565009474754333
47333462,window,13,no,0.9069308638572693
47333462,window,24,no,0.9043057560920715
47333462,window,25,no,0.8966149091720581
47333462,window,27,no,0.9454423189163208
47333462,window,37,yes,0.9999713897705078
47333462,window,42,no,0.8667062520980835
47333462,window,46,yes,0.9978188276290894
47333462,window,53,no,0.9090661406517029
47333462,window,61,no,0.8666495680809021
47333462,window,63,no,0.9369625449180603
47333462,window,66,no,0.9030587077140808
47333462,window,69,no,0.8678116798400879
47333462,window,81,no,0.912726104259491
47333462,window,84,no,0.9405893087387085
47333473,ball,0,no,0.9581354260444641
47333473,ball,5,no,0.9595051407814026
47333473,ball,25,no,0.8550060391426086
47333473,ball,27,no,0.8028584718704224
47333473,ball,28,no,0.710909366607666
47333473,ball,34,no,0.9351173639297485
47333473,ball,35,no,0.944864809513092
47333473,ball,36,no,0.9242404699325562
47333473,ball,41,yes,0.7977854013442993
47333473,ball,45,no,0.9533564448356628
47333473,ball,49,no,0.709469199180603
47333473,ball,55,no,0.9535143375396729
47333473,ball,60,no,0.8618016242980957
47333473,ball,61,no,0.7879467010498047
47333473,ball,68,no,0.956698477268219
47333473,door,9,no,0.7248591184616089
47333473,door,15,no,0.9337164759635925
47333473,door,20,no,0.8666097521781921
47333473,door,24,no,0.9010640382766724
47333473,door,25,no,0.9067671298980713
47333473,door,31,no,0.6699381470680237
47333473,door,33,yes,0.7938860654830933
47333473,door,34,yes,0.6755289435386658
47333473,door,35,yes,0.5137605667114258
47333473,door,46,no,0.7418569922447205
47333473,door,51,no,0.9469882845878601
47333473,door,59,no,0.9201065897941589
47333473,door,69,yes,0.9999774694442749
47333473,floor,3,yes,0.9962223768234253
47333473,floor,6,yes,0.9965730905532837
47333473,floor,19,yes,0.884350061416626
47333473,floor,25,no,0.9081925749778748
47333473,floor,26,no,0.9026390910148621
47333473,floor,30,yes,0.9732142090797424
47333473,floor,32,no,0.7215576767921448
47333473,floor,35,no,0.9242016673088074
47333473,floor,41,yes,0.999894380569458
47333473,floor,45,no,0.925556480884552
47333473,floor,48,no,0.7388430237770081
47333473,floor,53,no,0.8288388252258301
47333473,floor,58,no,0.9656879901885986
47333473,floor,59,no,0.8173832297325134
47333473,floor,69,no,0.9265195727348328
47333473,floor,75,yes,0.9917690753936768
47333473,floor,77,yes,0.9018032550811768
47333473,painting,0,yes,0.6105327606201172
47333473,painting,7,no,0.5753247141838074
47333473,painting,16,no,0.9210245609283447
47333473,painting,23,yes,0.8963161706924438
47333473,painting,26,yes,0.9999496936798096
47333473,painting,38,no,0.7670963406562805
47333473,painting,41,yes,0.5331287384033203
47333473,painting,56,no,0.7055609226226807
47333473,painting,65,no,0.6852504014968872
47333473,painting,68,yes,0.9701102375984192
47333473,painting,77,no,0.7351745963096619
47333473,sofa,12,no,0.9541701674461365
47333473,sofa,24,no,0.9615442156791687
47333473,sofa,26,no,0.9625812768936157
47333473,sofa,27,no,0.9348480105400085
47333473,sofa,32,yes,0.7009724378585815
47333473,sofa,34,no,0.9586358070373535
47333473,sofa,35,no,0.9597787261009216
47333473,sofa,43,no,0.9257962107658386
47333473,sofa,46,no,0.9542616605758667
47333473,sofa,51,no,0.8553124070167542
47333473,sofa,55,no,0.956516444683075
47333473,sofa,56,no,0.955373227596283
47333473,sofa,60,no,0.8321733474731445
47333473,sofa,62,no,0.8081628680229187
47333473,sofa,68,no,0.9474952816963196
47333473,sofa,70,no,0.9463458061218262
47333473,sofa,73,no,0.9168465733528137
47333473,sofa,74,no,0.9580219388008118
47333473,sofa,75,no,0.9610419869422913
47333473,table,0,no,0.9446314573287964
47333473,table,1,no,0.9187430143356323
47333473,table,13,no,0.8639165163040161
47333473,table,15,no,0.6538562774658203
47333473,table,19,yes,0.963409960269928
47333473,table,23,no,0.8338873982429504
47333473,table,28,no,0.5768621563911438
47333473,table,41,no,0.603962242603302
47333473,table,48,yes,0.6012950539588928
47333473,table,49,no,0.7350993156433105
47333473,table,50,no,0.6134520173072815
47333473,table,52,no,0.5631968975067139
47333473,table,54,no,0.8706859350204468
47333473,table,59,yes,0.9996261596679688
47333473,table,63,yes,0.9310274720191956
47333473,table,64,no,0.8822364807128906
47333473,table,68,no,0.9048817753791809
47333473,table,69,no,0.9355043768882751
47333473,table,71,yes,0.7982614040374756
47333473,table,74,yes,0.5978030562400818
47333473,wall,3,no,0.9714090824127197
47333473,wall,6,no,0.973706066608429
47333473,wall,13,yes,0.9718828797340393
47333473,wall,21,yes,0.9824594259262085
47333473,wall,33,yes,0.9337723255157471
47333473,wall,36,yes,0.866260826587677
47333473,wall,38,no,0.5991617441177368
47333473,wall,39,yes,0.6162566542625427
47333473,wall,40,yes,0.8007844090461731
47333473,wall,43,yes,0.6651444435119629
47333473,wall,48,no,0.579688549041748
47333473,wall,52,yes,0.5182223916053772
47333473,wall,55,yes,0.8668901920318604
47333473,wall,57,yes,0.8847075700759888
47333473,wall,59,no,0.926141083240509
47333473,wall,60,no,0.8776853084564209
47333473,wall,72,yes,0.6147098541259766
47333473,wall,74,yes,0.9769989848136902
47333473,window,2,no,0.9781348705291748
47333473,window,5,no,0.978139340877533
47333473,window,15,no,0.9521368145942688
47333473,window,22,no,0.8812565803527832
47333473,window,25,no,0.8800808787345886
47333473,window,30,no,0.9380044937133789
47333473,window,39,no,0.9235721230506897
47333473,window,45,yes,0.9905288815498352
47333473,window,54,yes,0.966540515422821
47333473,window,57,yes,0.5049682855606079
47333473,window,63,no,0.9420972466468811
47333473,window,65,no,0.8560295701026917
